date,open,high,low,close,volume
2026-06-30T11:45:00.000Z,4048.800048828125,4051.39990234375,4045.199951171875,4046.5,0
2026-06-30T11:50:00.000Z,4046.89990234375,4046.89990234375,4043.39990234375,4045.5,245
2026-06-30T11:55:00.000Z,4045.800048828125,4048.199951171875,4044.60009765625,4047.5,251
2026-06-30T12:00:00.000Z,4048,4048.199951171875,4043.89990234375,4045.39990234375,400
2026-06-30T12:05:00.000Z,4045.60009765625,4045.89990234375,4042.199951171875,4042.199951171875,304
2026-06-30T12:10:00.000Z,4042.300048828125,4042.300048828125,4039.89990234375,4040.10009765625,454
2026-06-30T12:15:00.000Z,4040.199951171875,4042.300048828125,4038.5,4040.199951171875,335
2026-06-30T12:20:00.000Z,4039.39990234375,4040.39990234375,4031.199951171875,4031.699951171875,780
2026-06-30T12:25:00.000Z,4031.39990234375,4032.39990234375,4028.699951171875,4030.800048828125,793
2026-06-30T12:30:00.000Z,4030.800048828125,4035.699951171875,4028.10009765625,4029.800048828125,598
2026-06-30T12:35:00.000Z,4029.89990234375,4032,4026.199951171875,4032,473
2026-06-30T12:40:00.000Z,4032,4033.5,4029.60009765625,4032.39990234375,236
2026-06-30T12:45:00.000Z,4032.10009765625,4032.10009765625,4027.39990234375,4028.89990234375,340
2026-06-30T12:50:00.000Z,4028.699951171875,4029.800048828125,4026.10009765625,4027.89990234375,276
2026-06-30T12:55:00.000Z,4028.10009765625,4028.5,4022.10009765625,4023.89990234375,810
2026-06-30T13:00:00.000Z,4023.699951171875,4031.800048828125,4022.89990234375,4030,887
2026-06-30T13:05:00.000Z,4029.10009765625,4038.300048828125,4028.89990234375,4037.10009765625,586
2026-06-30T13:10:00.000Z,4037,4039.699951171875,4036,4037.39990234375,785
2026-06-30T13:15:00.000Z,4037.60009765625,4044.5,4035.800048828125,4044,1111
2026-06-30T13:20:00.000Z,4043.699951171875,4047.5,4033,4033.699951171875,1409
2026-06-30T13:25:00.000Z,4033.39990234375,4038.199951171875,4033.39990234375,4038.199951171875,499
2026-06-30T13:30:00.000Z,4038,4041.699951171875,4033.5,4035.300048828125,850
2026-06-30T13:35:00.000Z,4036.199951171875,4037.60009765625,4027.199951171875,4028.10009765625,1057
2026-06-30T13:40:00.000Z,4028,4040.89990234375,4027.800048828125,4039.300048828125,802
2026-06-30T13:45:00.000Z,4039.5,4042.300048828125,4036.5,4038.5,803
2026-06-30T13:50:00.000Z,4038.5,4047,4038.5,4043,1063
2026-06-30T13:55:00.000Z,4043,4046.699951171875,4041.300048828125,4043.89990234375,740
2026-06-30T14:00:00.000Z,4044.39990234375,4045.800048828125,4039.5,4040.39990234375,1892
2026-06-30T14:05:00.000Z,4040.800048828125,4059.89990234375,4039.800048828125,4058,2249
2026-06-30T14:10:00.000Z,4057.5,4064.699951171875,4051.60009765625,4058,2520
2026-06-30T14:15:00.000Z,4057.89990234375,4064.699951171875,4057.699951171875,4063.699951171875,1354
2026-06-30T14:20:00.000Z,4063.800048828125,4078.10009765625,4062.5,4077.300048828125,2839
2026-06-30T14:25:00.000Z,4077.60009765625,4077.60009765625,4068.10009765625,4068.800048828125,1085
2026-06-30T14:30:00.000Z,4069,4073.300048828125,4066,4066.5,806
2026-06-30T14:35:00.000Z,4066.39990234375,4068.300048828125,4059.199951171875,4063.89990234375,1239
2026-06-30T14:40:00.000Z,4064,4068.5,4062.800048828125,4065.39990234375,766
2026-06-30T14:45:00.000Z,4065.800048828125,4065.800048828125,4058,4058.800048828125,691
2026-06-30T14:50:00.000Z,4058.60009765625,4061.89990234375,4056.39990234375,4057.800048828125,513
2026-06-30T14:55:00.000Z,4058.199951171875,4059.199951171875,4051.800048828125,4052,735
2026-06-30T15:00:00.000Z,4052.10009765625,4054.300048828125,4048.60009765625,4049.39990234375,1515
2026-06-30T15:05:00.000Z,4049.300048828125,4053,4046.60009765625,4049.699951171875,1062
2026-06-30T15:10:00.000Z,4049.39990234375,4051.800048828125,4046.60009765625,4050.60009765625,446
2026-06-30T15:15:00.000Z,4050.39990234375,4050.39990234375,4040.300048828125,4041.60009765625,954
2026-06-30T15:20:00.000Z,4041.39990234375,4043.39990234375,4036.39990234375,4041.800048828125,1116
2026-06-30T15:25:00.000Z,4041.699951171875,4045.10009765625,4041.199951171875,4042.699951171875,382
2026-06-30T15:30:00.000Z,4043.199951171875,4045.60009765625,4041.39990234375,4044,313
2026-06-30T15:35:00.000Z,4044.39990234375,4045.5,4041.800048828125,4045.199951171875,407
2026-06-30T15:40:00.000Z,4045.10009765625,4045.10009765625,4040.699951171875,4043.699951171875,325
2026-06-30T15:45:00.000Z,4043.5,4049.300048828125,4043.5,4048,487
2026-06-30T15:50:00.000Z,4047,4048.5,4045.699951171875,4048.199951171875,221
2026-06-30T15:55:00.000Z,4048.5,4049,4043.199951171875,4044.199951171875,250
2026-06-30T16:00:00.000Z,4043.800048828125,4045,4040.800048828125,4041.60009765625,323
2026-06-30T16:05:00.000Z,4042.10009765625,4043.60009765625,4040.10009765625,4041.5,299
2026-06-30T16:10:00.000Z,4041.60009765625,4044.699951171875,4041.199951171875,4044.5,235
2026-06-30T16:15:00.000Z,4044.60009765625,4045.699951171875,4042.300048828125,4044.300048828125,183
2026-06-30T16:20:00.000Z,4044.699951171875,4046.10009765625,4043.5,4043.800048828125,174
2026-06-30T16:25:00.000Z,4044,4045.39990234375,4043.199951171875,4044.5,163
2026-06-30T16:30:00.000Z,4044,4045.89990234375,4043.39990234375,4045.300048828125,230
2026-06-30T16:35:00.000Z,4045.39990234375,4045.60009765625,4041.89990234375,4044.60009765625,174
2026-06-30T16:40:00.000Z,4044.5,4046.800048828125,4042.699951171875,4045.800048828125,239
2026-06-30T16:45:00.000Z,4045.699951171875,4048.5,4045.60009765625,4046.10009765625,312
2026-06-30T16:50:00.000Z,4045.800048828125,4046.5,4044.5,4046.10009765625,184
2026-06-30T16:55:00.000Z,4045.89990234375,4045.89990234375,4040.300048828125,4040.300048828125,518
2026-06-30T17:00:00.000Z,4040.800048828125,4042.5,4039,4041.300048828125,547
2026-06-30T17:05:00.000Z,4041.199951171875,4041.39990234375,4035.39990234375,4037,846
2026-06-30T17:10:00.000Z,4036.89990234375,4037.89990234375,4034.89990234375,4037.60009765625,683
2026-06-30T17:15:00.000Z,4037.5,4042.800048828125,4037.5,4041.300048828125,524
2026-06-30T17:20:00.000Z,4041,4041.5,4037.5,4038.5,558
2026-06-30T17:25:00.000Z,4038.10009765625,4040.89990234375,4036.10009765625,4040,2118
2026-06-30T17:30:00.000Z,4040.10009765625,4043.10009765625,4039.800048828125,4042.60009765625,548
2026-06-30T17:35:00.000Z,4042,4043.300048828125,4040.5,4041.699951171875,210
2026-06-30T17:40:00.000Z,4041.60009765625,4044.60009765625,4040.800048828125,4044,137
2026-06-30T17:45:00.000Z,4043.89990234375,4045.800048828125,4043.800048828125,4044.39990234375,195
2026-06-30T17:50:00.000Z,4044.800048828125,4047.10009765625,4044.60009765625,4046.300048828125,126
2026-06-30T17:55:00.000Z,4046,4046.300048828125,4044.60009765625,4045.5,144
2026-06-30T18:00:00.000Z,4045.89990234375,4047,4045.5,4046.39990234375,106
2026-06-30T18:05:00.000Z,4047,4048.699951171875,4046.39990234375,4047.699951171875,136
2026-06-30T18:10:00.000Z,4047.60009765625,4048.199951171875,4046.800048828125,4047.199951171875,135
2026-06-30T18:15:00.000Z,4047,4047.10009765625,4045.10009765625,4047.10009765625,189
2026-06-30T18:20:00.000Z,4046.89990234375,4047.800048828125,4045.89990234375,4046.39990234375,107
2026-06-30T18:25:00.000Z,4046.39990234375,4047.10009765625,4045.199951171875,4046.199951171875,99
2026-06-30T18:30:00.000Z,4046.5,4046.60009765625,4044.10009765625,4044.800048828125,105
2026-06-30T18:35:00.000Z,4045.10009765625,4046.300048828125,4044.5,4044.5,42
2026-06-30T18:40:00.000Z,4044.800048828125,4046.10009765625,4042.800048828125,4045.699951171875,294
2026-06-30T18:45:00.000Z,4045.60009765625,4046.5,4043.800048828125,4046.300048828125,234
2026-06-30T18:50:00.000Z,4046.5,4047.39990234375,4045.39990234375,4046.800048828125,105
2026-06-30T18:55:00.000Z,4046.60009765625,4046.60009765625,4043.300048828125,4043.60009765625,169
2026-06-30T19:00:00.000Z,4043,4044.199951171875,4041.300048828125,4041.5,233
2026-06-30T19:05:00.000Z,4041.60009765625,4042.300048828125,4039.300048828125,4039.800048828125,190
2026-06-30T19:10:00.000Z,4040.10009765625,4041.300048828125,4038.5,4039.199951171875,465
2026-06-30T19:15:00.000Z,4038.699951171875,4040.10009765625,4038.10009765625,4038.699951171875,171
2026-06-30T19:20:00.000Z,4038.60009765625,4039.199951171875,4036.199951171875,4036.699951171875,165
2026-06-30T19:25:00.000Z,4036.800048828125,4037.300048828125,4035.60009765625,4035.60009765625,115
2026-06-30T19:30:00.000Z,4036,4038.199951171875,4035.300048828125,4036.800048828125,190
2026-06-30T19:35:00.000Z,4036.60009765625,4037.199951171875,4035.39990234375,4036.60009765625,180
2026-06-30T19:40:00.000Z,4036.60009765625,4037.39990234375,4035.60009765625,4036.89990234375,187
2026-06-30T19:45:00.000Z,4036.800048828125,4037.300048828125,4034.5,4035.10009765625,202
2026-06-30T19:50:00.000Z,4034.89990234375,4035.39990234375,4030.199951171875,4030.89990234375,568
2026-06-30T19:55:00.000Z,4031.199951171875,4033.199951171875,4029.10009765625,4030.199951171875,777
2026-06-30T20:00:00.000Z,4030.199951171875,4033.60009765625,4028.300048828125,4032.5,557
2026-06-30T20:05:00.000Z,4032.5,4035,4032,4034.10009765625,220
2026-06-30T20:10:00.000Z,4034.10009765625,4035.10009765625,4033.89990234375,4034.60009765625,41
2026-06-30T20:15:00.000Z,4034.800048828125,4036,4032.5,4032.5,329
2026-06-30T20:20:00.000Z,4032.5,4032.699951171875,4030.39990234375,4030.39990234375,85
2026-06-30T20:25:00.000Z,4030.10009765625,4030.300048828125,4027.10009765625,4027.39990234375,175
2026-06-30T20:30:00.000Z,4027.39990234375,4028.60009765625,4025.89990234375,4026.199951171875,90
2026-06-30T20:35:00.000Z,4026,4026.10009765625,4024.5,4025,67
2026-06-30T20:40:00.000Z,4025.300048828125,4026.800048828125,4025,4025.800048828125,52
2026-06-30T20:45:00.000Z,4025.699951171875,4026.300048828125,4024.699951171875,4025.300048828125,75
2026-06-30T20:50:00.000Z,4025.5,4026,4024.5,4025.39990234375,74
2026-06-30T20:55:00.000Z,4024.89990234375,4025.39990234375,4020.60009765625,4021.800048828125,302
2026-06-30T22:00:00.000Z,4025,4028.199951171875,4022.10009765625,4027.10009765625,0
2026-06-30T22:05:00.000Z,4027.300048828125,4030.199951171875,4027.300048828125,4030.10009765625,96
2026-06-30T22:10:00.000Z,4030.39990234375,4030.39990234375,4026.89990234375,4027.5,92
2026-06-30T22:15:00.000Z,4028,4029.699951171875,4025.60009765625,4027.89990234375,177
2026-06-30T22:20:00.000Z,4027.699951171875,4027.699951171875,4025.199951171875,4026.39990234375,228
2026-06-30T22:25:00.000Z,4026,4028,4025.39990234375,4027.199951171875,149
2026-06-30T22:30:00.000Z,4026.60009765625,4028.800048828125,4026.60009765625,4028.199951171875,43
2026-06-30T22:35:00.000Z,4028.39990234375,4030,4028.300048828125,4029.5,51
2026-06-30T22:40:00.000Z,4029.5,4032,4027.300048828125,4027.300048828125,146
2026-06-30T22:45:00.000Z,4027.10009765625,4029.5,4025.699951171875,4026.199951171875,214
2026-06-30T22:50:00.000Z,4026.10009765625,4026.300048828125,4024.199951171875,4025,87
2026-06-30T22:55:00.000Z,4025.300048828125,4026.39990234375,4024.89990234375,4026.39990234375,61
2026-06-30T23:00:00.000Z,4026.5,4027,4024.300048828125,4025.60009765625,225
2026-06-30T23:05:00.000Z,4026.10009765625,4031.800048828125,4026,4030.300048828125,295
2026-06-30T23:10:00.000Z,4030.5,4031.300048828125,4027.199951171875,4027.39990234375,127
2026-06-30T23:15:00.000Z,4027.89990234375,4028.5,4025.300048828125,4025.300048828125,112
2026-06-30T23:20:00.000Z,4025.39990234375,4025.39990234375,4021.5,4023.10009765625,160
2026-06-30T23:25:00.000Z,4023.10009765625,4024.800048828125,4021.300048828125,4024.39990234375,114
2026-06-30T23:30:00.000Z,4024.300048828125,4025.800048828125,4022.5,4024.60009765625,121
2026-06-30T23:35:00.000Z,4023.300048828125,4024.10009765625,4022.10009765625,4023.60009765625,29
2026-06-30T23:40:00.000Z,4023.300048828125,4023.800048828125,4022.300048828125,4023.199951171875,61
2026-06-30T23:45:00.000Z,4022.699951171875,4023.199951171875,4018.39990234375,4020.300048828125,304
2026-06-30T23:50:00.000Z,4020,4021.800048828125,4018.800048828125,4020.5,211
2026-06-30T23:55:00.000Z,4020.10009765625,4020.60009765625,4018,4018.89990234375,271
2026-07-01T00:00:00.000Z,4018.89990234375,4021,4018.199951171875,4019.699951171875,136
2026-07-01T00:05:00.000Z,4019,4020.60009765625,4018.199951171875,4019.800048828125,92
2026-07-01T00:10:00.000Z,4021,4022.699951171875,4020.10009765625,4021.60009765625,141
2026-07-01T00:15:00.000Z,4021.699951171875,4022.10009765625,4014.60009765625,4015.60009765625,281
2026-07-01T00:20:00.000Z,4015.39990234375,4019.60009765625,4014.699951171875,4018.39990234375,245
2026-07-01T00:25:00.000Z,4017.800048828125,4019.199951171875,4013,4015,487
2026-07-01T00:30:00.000Z,4015,4018.699951171875,4014,4016.10009765625,171
2026-07-01T00:35:00.000Z,4016.5,4018.10009765625,4014,4014,175
2026-07-01T00:40:00.000Z,4014.199951171875,4014.39990234375,4008.39990234375,4009.5,656
2026-07-01T00:45:00.000Z,4009.39990234375,4010.300048828125,4008,4008.699951171875,193
2026-07-01T00:50:00.000Z,4009.300048828125,4011.60009765625,4006,4007.10009765625,293
2026-07-01T00:55:00.000Z,4007,4012.89990234375,4006.89990234375,4010.199951171875,240
2026-07-01T01:00:00.000Z,4010.5,4013.199951171875,4002.800048828125,4003.199951171875,916
2026-07-01T01:05:00.000Z,4003.199951171875,4004,3995.5,3998.39990234375,845
2026-07-01T01:10:00.000Z,3998.10009765625,3998.60009765625,3991.60009765625,3997.5,495
2026-07-01T01:15:00.000Z,3996.800048828125,3997.60009765625,3988.60009765625,3994.800048828125,442
2026-07-01T01:20:00.000Z,3994.5,3999,3993.699951171875,3996.199951171875,352
2026-07-01T01:25:00.000Z,3997.300048828125,3998.89990234375,3994.39990234375,3998.60009765625,204
2026-07-01T01:30:00.000Z,3998.5,4001.60009765625,3989.60009765625,3992.60009765625,541
2026-07-01T01:35:00.000Z,3992.89990234375,3993.89990234375,3988.300048828125,3988.300048828125,333
2026-07-01T01:40:00.000Z,3988.60009765625,3993.10009765625,3987.300048828125,3992,237
2026-07-01T01:45:00.000Z,3991.800048828125,3994.800048828125,3986.699951171875,3991.800048828125,465
2026-07-01T01:50:00.000Z,3991.89990234375,3993.199951171875,3986.699951171875,3988.89990234375,527
2026-07-01T01:55:00.000Z,3988.699951171875,3991.89990234375,3988.5,3990.800048828125,133
2026-07-01T02:00:00.000Z,3990.39990234375,3992.699951171875,3987.300048828125,3987.5,275
2026-07-01T02:05:00.000Z,3987.39990234375,3987.800048828125,3983,3985.5,573
2026-07-01T02:10:00.000Z,3985.60009765625,3989.800048828125,3984.800048828125,3989.39990234375,360
2026-07-01T02:15:00.000Z,3989.39990234375,3993.60009765625,3988.800048828125,3993.300048828125,365
2026-07-01T02:20:00.000Z,3993.60009765625,3995.10009765625,3992.39990234375,3994.5,286
2026-07-01T02:25:00.000Z,3994.5,3996,3993,3993.699951171875,217
2026-07-01T02:30:00.000Z,3993.60009765625,3997.800048828125,3991.5,3994.5,378
2026-07-01T02:35:00.000Z,3994.800048828125,3999,3994.60009765625,3996.60009765625,246
2026-07-01T02:40:00.000Z,3996.89990234375,3996.89990234375,3993.699951171875,3995.89990234375,141
2026-07-01T02:45:00.000Z,3996.39990234375,3998.39990234375,3994.89990234375,3995.39990234375,118
2026-07-01T02:50:00.000Z,3995.300048828125,3998,3992.800048828125,3993.199951171875,159
2026-07-01T02:55:00.000Z,3993.60009765625,3994.10009765625,3991.199951171875,3991.89990234375,177
2026-07-01T03:00:00.000Z,3991.800048828125,3995.60009765625,3991.39990234375,3994.89990234375,241
2026-07-01T03:05:00.000Z,3994.199951171875,3998.10009765625,3994,3997.89990234375,286
2026-07-01T03:10:00.000Z,3997.800048828125,3998.5,3996.10009765625,3996.39990234375,111
2026-07-01T03:15:00.000Z,3996.300048828125,3999.89990234375,3996.300048828125,3997,239
2026-07-01T03:20:00.000Z,3996.800048828125,3996.800048828125,3993.39990234375,3995.5,216
2026-07-01T03:25:00.000Z,3996,3996,3993.199951171875,3994.10009765625,242
2026-07-01T03:30:00.000Z,3994.5,3994.5,3989.10009765625,3989.699951171875,361
2026-07-01T03:35:00.000Z,3989.800048828125,3994.199951171875,3989.800048828125,3994.199951171875,223
2026-07-01T03:40:00.000Z,3994.10009765625,3995.300048828125,3990.199951171875,3990.199951171875,200
2026-07-01T03:45:00.000Z,3990.39990234375,3992.199951171875,3989.300048828125,3990.39990234375,278
2026-07-01T03:50:00.000Z,3990,3991.300048828125,3989.800048828125,3990.39990234375,75
2026-07-01T03:55:00.000Z,3990.60009765625,3993.10009765625,3990.300048828125,3992.89990234375,97
2026-07-01T04:00:00.000Z,3993.39990234375,3993.89990234375,3987.800048828125,3988.60009765625,245
2026-07-01T04:05:00.000Z,3988.5,3990.39990234375,3988.300048828125,3988.300048828125,141
2026-07-01T04:10:00.000Z,3988.300048828125,3989.300048828125,3987,3989,214
2026-07-01T04:15:00.000Z,3988.60009765625,3989.199951171875,3987.300048828125,3988.800048828125,96
2026-07-01T04:20:00.000Z,3988.699951171875,3989.89990234375,3987.60009765625,3989.60009765625,156
2026-07-01T04:25:00.000Z,3989.60009765625,3990.89990234375,3988.89990234375,3990.10009765625,152
2026-07-01T04:30:00.000Z,3990.10009765625,3993.5,3990.10009765625,3990.60009765625,265
2026-07-01T04:35:00.000Z,3990.39990234375,3991.10009765625,3987,3987.39990234375,235
2026-07-01T04:40:00.000Z,3987.10009765625,3987.699951171875,3985.300048828125,3987.699951171875,153
2026-07-01T04:45:00.000Z,3987.5,3993,3987.10009765625,3992.60009765625,348
2026-07-01T04:50:00.000Z,3992.39990234375,3994.199951171875,3991.60009765625,3993,253
2026-07-01T04:55:00.000Z,3993.699951171875,3995.39990234375,3989.199951171875,3989.199951171875,373
2026-07-01T05:00:00.000Z,3989.10009765625,3989.60009765625,3984.800048828125,3986.39990234375,197
2026-07-01T05:05:00.000Z,3986.10009765625,3987.699951171875,3985.300048828125,3986,157
2026-07-01T05:10:00.000Z,3985.800048828125,3985.800048828125,3982.300048828125,3984.800048828125,305
2026-07-01T05:15:00.000Z,3984.5,3985.5,3982.60009765625,3984.699951171875,228
2026-07-01T05:20:00.000Z,3984.699951171875,3988,3984.699951171875,3987.5,160
2026-07-01T05:25:00.000Z,3987.60009765625,3987.60009765625,3985.5,3986.10009765625,161
2026-07-01T05:30:00.000Z,3986.39990234375,3991.699951171875,3983.300048828125,3989,319
2026-07-01T05:35:00.000Z,3990,3990.89990234375,3986.300048828125,3988.39990234375,243
2026-07-01T05:40:00.000Z,3988,3988.300048828125,3984.699951171875,3987.60009765625,342
2026-07-01T05:45:00.000Z,3986.39990234375,3989.300048828125,3986.300048828125,3988.10009765625,208
2026-07-01T05:50:00.000Z,3987.800048828125,3990.60009765625,3986.5,3987.5,176
2026-07-01T05:55:00.000Z,3987.699951171875,3992,3986.5,3986.60009765625,293
2026-07-01T06:00:00.000Z,3986.60009765625,3990.300048828125,3985.89990234375,3987.800048828125,375
2026-07-01T06:05:00.000Z,3987.699951171875,3988.699951171875,3977.199951171875,3979.199951171875,1096
2026-07-01T06:10:00.000Z,3979.5,3981.699951171875,3976.199951171875,3978,527
2026-07-01T06:15:00.000Z,3978.300048828125,3979.39990234375,3975.89990234375,3979.199951171875,520
2026-07-01T06:20:00.000Z,3979.39990234375,3982.60009765625,3978.800048828125,3982.10009765625,562
2026-07-01T06:25:00.000Z,3981.89990234375,3982.60009765625,3980,3980.39990234375,230
2026-07-01T06:30:00.000Z,3980.60009765625,3981.300048828125,3976.199951171875,3978,393
2026-07-01T06:35:00.000Z,3977.800048828125,3981,3977,3980.39990234375,292
2026-07-01T06:40:00.000Z,3980.60009765625,3986.60009765625,3980.39990234375,3984.699951171875,696
2026-07-01T06:45:00.000Z,3984.800048828125,3986,3981.800048828125,3982.89990234375,545
2026-07-01T06:50:00.000Z,3983,3986.60009765625,3982.300048828125,3986,265
2026-07-01T06:55:00.000Z,3986.199951171875,3986.199951171875,3983.800048828125,3985,236
2026-07-01T07:00:00.000Z,3985,3986.699951171875,3978.5,3979.300048828125,580
2026-07-01T07:05:00.000Z,3979,3979.39990234375,3973.300048828125,3977.39990234375,795
2026-07-01T07:10:00.000Z,3977,3977.39990234375,3973.5,3974.5,346
2026-07-01T07:15:00.000Z,3974.10009765625,3983.800048828125,3973,3983.199951171875,820
2026-07-01T07:20:00.000Z,3982.800048828125,3984.89990234375,3980.199951171875,3980.5,384
2026-07-01T07:25:00.000Z,3980.5,3984,3976.89990234375,3977.300048828125,548
2026-07-01T07:30:00.000Z,3977.39990234375,3978.10009765625,3973.60009765625,3975.89990234375,947
2026-07-01T07:35:00.000Z,3976.39990234375,3982.699951171875,3976.10009765625,3982.199951171875,309
2026-07-01T07:40:00.000Z,3982.300048828125,3984.5,3981.300048828125,3984.199951171875,295
2026-07-01T07:45:00.000Z,3984,3985.89990234375,3982.10009765625,3984,832
2026-07-01T07:50:00.000Z,3983.89990234375,3988,3983.699951171875,3984,725
2026-07-01T07:55:00.000Z,3984,3991,3983.800048828125,3988.699951171875,533
2026-07-01T08:00:00.000Z,3988.800048828125,3989.300048828125,3983.199951171875,3984.60009765625,333
2026-07-01T08:05:00.000Z,3984.5,3986,3982.89990234375,3984.5,205
2026-07-01T08:10:00.000Z,3984.39990234375,3987.5,3982.5,3987.5,255
2026-07-01T08:15:00.000Z,3987.5,3996.10009765625,3987.300048828125,3995.89990234375,614
2026-07-01T08:20:00.000Z,3995.60009765625,3997.699951171875,3992,3992.300048828125,657
2026-07-01T08:25:00.000Z,3992.60009765625,3995.60009765625,3991.800048828125,3992,358
2026-07-01T08:30:00.000Z,3991.89990234375,3992.800048828125,3989,3991.199951171875,228
2026-07-01T08:35:00.000Z,3990.89990234375,3990.89990234375,3985.800048828125,3986.39990234375,251
2026-07-01T08:40:00.000Z,3986.10009765625,3992,3985.60009765625,3990.199951171875,234
2026-07-01T08:45:00.000Z,3990.10009765625,3990.5,3987.699951171875,3988.10009765625,124
2026-07-01T08:50:00.000Z,3988.39990234375,3990.800048828125,3988,3990.39990234375,118
2026-07-01T08:55:00.000Z,3990.39990234375,3990.800048828125,3984.5,3987.699951171875,325
2026-07-01T09:00:00.000Z,3987.199951171875,3989.199951171875,3986,3988.60009765625,186
2026-07-01T09:05:00.000Z,3988.300048828125,3989.300048828125,3985.89990234375,3986.60009765625,227
2026-07-01T09:10:00.000Z,3987.300048828125,3990.800048828125,3987.300048828125,3989.10009765625,116
2026-07-01T09:15:00.000Z,3989,3993.699951171875,3988.89990234375,3991.699951171875,337
2026-07-01T09:20:00.000Z,3991.699951171875,3992.699951171875,3990.300048828125,3990.60009765625,199
2026-07-01T09:25:00.000Z,3990.699951171875,3992.300048828125,3990.300048828125,3992.300048828125,131
2026-07-01T09:30:00.000Z,3991.800048828125,3994.699951171875,3990.800048828125,3993.39990234375,383
2026-07-01T09:35:00.000Z,3993.39990234375,3995.800048828125,3992.800048828125,3995.60009765625,234
2026-07-01T09:40:00.000Z,3995.60009765625,3995.699951171875,3992.5,3994.699951171875,218
2026-07-01T09:45:00.000Z,3995.10009765625,3999.300048828125,3995.10009765625,3998.800048828125,273
2026-07-01T09:50:00.000Z,3998.5,3998.699951171875,3996.5,3998.5,351
2026-07-01T09:55:00.000Z,3998.300048828125,3999.300048828125,3996.89990234375,3997.89990234375,254
2026-07-01T10:00:00.000Z,3997.800048828125,4002.89990234375,3997.699951171875,4001.39990234375,409
2026-07-01T10:05:00.000Z,4001.300048828125,4003.5,4000.60009765625,4001,287
2026-07-01T10:10:00.000Z,4000.89990234375,4001.300048828125,3996.39990234375,3997.60009765625,356
2026-07-01T10:15:00.000Z,3997.800048828125,3998.39990234375,3995.199951171875,3995.5,270
2026-07-01T10:20:00.000Z,3995.60009765625,3998.60009765625,3994.60009765625,3998.60009765625,159
2026-07-01T10:25:00.000Z,3998.60009765625,4000.699951171875,3996.60009765625,4000.5,113
2026-07-01T10:30:00.000Z,4000.39990234375,4005.39990234375,4000.10009765625,4004.5,322
2026-07-01T10:35:00.000Z,4004.60009765625,4007.60009765625,4002.300048828125,4003,434
2026-07-01T10:40:00.000Z,4002.89990234375,4003.300048828125,4000,4000.39990234375,281
2026-07-01T10:45:00.000Z,4000.800048828125,4004.10009765625,4000.199951171875,4004.10009765625,222
2026-07-01T10:50:00.000Z,4004.89990234375,4007.699951171875,4004.39990234375,4007.199951171875,262
2026-07-01T10:55:00.000Z,4007.300048828125,4012,4007.300048828125,4011.89990234375,429
2026-07-01T11:00:00.000Z,4011.5,4021.699951171875,4011.300048828125,4020.199951171875,1101
2026-07-01T11:05:00.000Z,4020.199951171875,4024.39990234375,4020,4024.10009765625,517
2026-07-01T11:10:00.000Z,4024,4033,4023.699951171875,4029.800048828125,994
2026-07-01T11:15:00.000Z,4029.699951171875,4038.5,4028.699951171875,4036.199951171875,952
2026-07-01T11:20:00.000Z,4036,4039.699951171875,4032.5,4037.800048828125,757
2026-07-01T11:25:00.000Z,4038.10009765625,4042.60009765625,4035.300048828125,4039.89990234375,735
2026-07-01T11:30:00.000Z,4040.300048828125,4042.10009765625,4036.89990234375,4038.199951171875,570
2026-07-01T11:35:00.000Z,4038.300048828125,4040.300048828125,4037.60009765625,4038.300048828125,247
2026-07-01T11:40:00.000Z,4038.300048828125,4045.800048828125,4037,4043.10009765625,644
2026-07-01T11:45:00.000Z,4043.300048828125,4048.60009765625,4042.699951171875,4048,569
2026-07-01T11:50:00.000Z,4047.800048828125,4049.39990234375,4043.39990234375,4046,682
2026-07-01T11:55:00.000Z,4046.10009765625,4047.300048828125,4043.89990234375,4044,484
2026-07-01T12:00:00.000Z,4044.5,4047.800048828125,4037.5,4037.60009765625,1050
2026-07-01T12:05:00.000Z,4037.800048828125,4038.60009765625,4035.39990234375,4036.699951171875,713
2026-07-01T12:10:00.000Z,4037,4038.300048828125,4033.199951171875,4036,963
2026-07-01T12:15:00.000Z,4036,4042.199951171875,4035.800048828125,4042.10009765625,651
2026-07-01T12:20:00.000Z,4041.699951171875,4044,4038.800048828125,4043.10009765625,657
2026-07-01T12:25:00.000Z,4043.199951171875,4044.199951171875,4039.300048828125,4039.699951171875,387
2026-07-01T12:30:00.000Z,4039.39990234375,4047.199951171875,4039.39990234375,4042.800048828125,852
2026-07-01T12:35:00.000Z,4042.89990234375,4044,4037.60009765625,4038,892
2026-07-01T12:40:00.000Z,4038,4044.89990234375,4037,4040.10009765625,697
2026-07-01T12:45:00.000Z,4040.5,4041.699951171875,4038.60009765625,4040.199951171875,380
2026-07-01T12:50:00.000Z,4040.10009765625,4043,4038.800048828125,4039.800048828125,323
2026-07-01T12:55:00.000Z,4039.800048828125,4041.10009765625,4036.699951171875,4036.800048828125,470
2026-07-01T13:00:00.000Z,4036.800048828125,4039.10009765625,4030.800048828125,4035.89990234375,1159
2026-07-01T13:05:00.000Z,4036.10009765625,4036.39990234375,4026.60009765625,4031.699951171875,785
2026-07-01T13:10:00.000Z,4031.60009765625,4036.300048828125,4028,4034.60009765625,756
2026-07-01T13:15:00.000Z,4035,4045.89990234375,4035,4038.699951171875,1617
2026-07-01T13:20:00.000Z,4038.699951171875,4061,4038.39990234375,4057.60009765625,2885
2026-07-01T13:25:00.000Z,4057.39990234375,4061.699951171875,4052,4061.199951171875,1967
2026-07-01T13:30:00.000Z,4061.199951171875,4068.699951171875,4055.300048828125,4062.5,2445
2026-07-01T13:35:00.000Z,4062.800048828125,4086.39990234375,4061.199951171875,4085.699951171875,3254
2026-07-01T13:40:00.000Z,4084.89990234375,4116,4084,4113.2998046875,5249
2026-07-01T13:45:00.000Z,4113.10009765625,4122.60009765625,4099.60009765625,4105,4379
2026-07-01T13:50:00.000Z,4104.7998046875,4113.10009765625,4100.10009765625,4102.2998046875,2411
2026-07-01T13:55:00.000Z,4102.7998046875,4108,4100.5,4104.2001953125,1676
2026-07-01T14:00:00.000Z,4104.7998046875,4116.39990234375,4096.89990234375,4100.2001953125,3565
2026-07-01T14:05:00.000Z,4100,4110.5,4100,4108.7998046875,1765
2026-07-01T14:10:00.000Z,4109.2998046875,4114.5,4106.89990234375,4107.39990234375,1416
2026-07-01T14:15:00.000Z,4107.60009765625,4113.2998046875,4103.89990234375,4109,1336
2026-07-01T14:20:00.000Z,4108.89990234375,4120.7998046875,4108.39990234375,4119.10009765625,2155
2026-07-01T14:25:00.000Z,4119.5,4121.5,4110.2998046875,4115.2001953125,1475
2026-07-01T14:30:00.000Z,4115.2001953125,4126.2001953125,4112.7998046875,4125.2001953125,1641
2026-07-01T14:35:00.000Z,4125.2998046875,4131,4120.2998046875,4120.5,2038
2026-07-01T14:40:00.000Z,4120.7998046875,4121.5,4106.39990234375,4107.10009765625,1377
2026-07-01T14:45:00.000Z,4107.7998046875,4110.10009765625,4101.5,4103.39990234375,1131
2026-07-01T14:50:00.000Z,4103.7998046875,4105.7998046875,4100.7998046875,4103.89990234375,667
2026-07-01T14:55:00.000Z,4103.7001953125,4109.7001953125,4103.60009765625,4107.89990234375,755
2026-07-01T15:00:00.000Z,4108,4108.7998046875,4102.5,4104.2998046875,573
2026-07-01T15:05:00.000Z,4104.2998046875,4108.10009765625,4097.7998046875,4098.7998046875,926
2026-07-01T15:10:00.000Z,4098.5,4100.60009765625,4095.89990234375,4099.5,795
2026-07-01T15:15:00.000Z,4099.2001953125,4106.39990234375,4099.2001953125,4101.2001953125,964
2026-07-01T15:20:00.000Z,4100.89990234375,4104.60009765625,4092.89990234375,4095.199951171875,1081
2026-07-01T15:25:00.000Z,4095.199951171875,4099,4093.300048828125,4098.2998046875,579
2026-07-01T15:30:00.000Z,4097.7998046875,4097.7998046875,4092,4092.5,734
2026-07-01T15:35:00.000Z,4092.300048828125,4095.60009765625,4090.800048828125,4094.89990234375,874
2026-07-01T15:40:00.000Z,4094.60009765625,4097,4093.10009765625,4096.7001953125,422
2026-07-01T15:45:00.000Z,4096.39990234375,4099.7001953125,4095.699951171875,4098.2998046875,399
2026-07-01T15:50:00.000Z,4098.2998046875,4102.60009765625,4097.5,4098.39990234375,469
2026-07-01T15:55:00.000Z,4098.10009765625,4098.39990234375,4093.800048828125,4095.10009765625,439
2026-07-01T16:00:00.000Z,4095.5,4101.39990234375,4095.5,4099.60009765625,448
2026-07-01T16:05:00.000Z,4099.5,4102.89990234375,4098.2998046875,4098.2998046875,382
2026-07-01T16:10:00.000Z,4098.60009765625,4099.10009765625,4095.89990234375,4097,226
2026-07-01T16:15:00.000Z,4096.60009765625,4099,4095.5,4098.39990234375,233
2026-07-01T16:20:00.000Z,4098.10009765625,4099.5,4095,4096.10009765625,328
2026-07-01T16:25:00.000Z,4096.2001953125,4098.7001953125,4095.800048828125,4096.10009765625,146
2026-07-01T16:30:00.000Z,4095.89990234375,4097.39990234375,4089.699951171875,4090.60009765625,641
2026-07-01T16:35:00.000Z,4091,4094.89990234375,4090.89990234375,4091.300048828125,246
2026-07-01T16:40:00.000Z,4091.5,4091.800048828125,4086.800048828125,4088.10009765625,505
2026-07-01T16:45:00.000Z,4088.699951171875,4090.300048828125,4086.699951171875,4087.10009765625,415
2026-07-01T16:50:00.000Z,4087,4088.60009765625,4084.300048828125,4087,469
2026-07-01T16:55:00.000Z,4087.10009765625,4087.39990234375,4084,4085,286
2026-07-01T17:00:00.000Z,4084.89990234375,4087.60009765625,4083.60009765625,4085.39990234375,445
2026-07-01T17:05:00.000Z,4085,4085.199951171875,4081.60009765625,4082.60009765625,467
2026-07-01T17:10:00.000Z,4083,4085.699951171875,4081.199951171875,4085,459
2026-07-01T17:15:00.000Z,4085.300048828125,4085.89990234375,4081.60009765625,4083.60009765625,395
2026-07-01T17:20:00.000Z,4084.199951171875,4085.5,4082.89990234375,4083.800048828125,524
2026-07-01T17:25:00.000Z,4084.199951171875,4084.60009765625,4081.5,4081.800048828125,1410
2026-07-01T17:30:00.000Z,4082,4085.800048828125,4081.699951171875,4084.5,434
2026-07-01T17:35:00.000Z,4084.300048828125,4085.39990234375,4083.699951171875,4084.89990234375,137
2026-07-01T17:40:00.000Z,4084.60009765625,4087.300048828125,4083.199951171875,4084.800048828125,255
2026-07-01T17:45:00.000Z,4084.699951171875,4085.39990234375,4084,4084.699951171875,125
2026-07-01T17:50:00.000Z,4085,4086.5,4083.10009765625,4083.89990234375,153
2026-07-01T17:55:00.000Z,4083.800048828125,4084.199951171875,4081,4082.199951171875,261
2026-07-01T18:00:00.000Z,4082.300048828125,4084.39990234375,4081.89990234375,4084.39990234375,201
2026-07-01T18:05:00.000Z,4083.89990234375,4084.10009765625,4081.60009765625,4081.60009765625,114
2026-07-01T18:10:00.000Z,4081.699951171875,4084.699951171875,4081,4082.699951171875,302
2026-07-01T18:15:00.000Z,4082.800048828125,4083,4078.800048828125,4080.800048828125,220
2026-07-01T18:20:00.000Z,4080.60009765625,4080.89990234375,4077.5,4078.800048828125,293
2026-07-01T18:25:00.000Z,4079.5,4079.800048828125,4074.60009765625,4074.89990234375,215
2026-07-01T18:30:00.000Z,4075.300048828125,4079.89990234375,4075.300048828125,4078.60009765625,209
2026-07-01T18:35:00.000Z,4078.300048828125,4079,4076.800048828125,4077.300048828125,124
2026-07-01T18:40:00.000Z,4077.5,4077.5,4075,4076.39990234375,235
2026-07-01T18:45:00.000Z,4076.5,4076.89990234375,4074.300048828125,4075.10009765625,166
2026-07-01T18:50:00.000Z,4075.5,4076,4071.300048828125,4072.199951171875,459
2026-07-01T18:55:00.000Z,4072,4076.300048828125,4071.89990234375,4076,166
2026-07-01T19:00:00.000Z,4075.5,4080,4075.300048828125,4079.89990234375,406
2026-07-01T19:05:00.000Z,4079.699951171875,4082.199951171875,4078.10009765625,4081.699951171875,207
2026-07-01T19:10:00.000Z,4081,4081,4078.10009765625,4079.199951171875,336
2026-07-01T19:15:00.000Z,4079.199951171875,4080,4075.10009765625,4075.39990234375,383
2026-07-01T19:20:00.000Z,4075.60009765625,4076.300048828125,4070.39990234375,4070.39990234375,907
2026-07-01T19:25:00.000Z,4070.300048828125,4073.5,4070.300048828125,4072.699951171875,312
2026-07-01T19:30:00.000Z,4072.800048828125,4073.39990234375,4069,4070.199951171875,264
2026-07-01T19:35:00.000Z,4070.39990234375,4070.60009765625,4069,4069.300048828125,197
2026-07-01T19:40:00.000Z,4069.60009765625,4069.60009765625,4066.199951171875,4067.60009765625,398
2026-07-01T19:45:00.000Z,4067.39990234375,4068,4064.39990234375,4065.699951171875,369
2026-07-01T19:50:00.000Z,4066,4066.39990234375,4052.800048828125,4055.5,1366
2026-07-01T19:55:00.000Z,4055.699951171875,4056.300048828125,4048.39990234375,4052.300048828125,1062
2026-07-01T20:00:00.000Z,4052.199951171875,4053.60009765625,4042.199951171875,4043.800048828125,849
2026-07-01T20:05:00.000Z,4043.5,4048.699951171875,4042.10009765625,4048.199951171875,395
2026-07-01T20:10:00.000Z,4047.699951171875,4050.300048828125,4046.800048828125,4049.199951171875,203
2026-07-01T20:15:00.000Z,4049.199951171875,4050.5,4048,4049.39990234375,94
2026-07-01T20:20:00.000Z,4049.10009765625,4051.5,4048.5,4051,169
2026-07-01T20:25:00.000Z,4051.10009765625,4052.800048828125,4050.699951171875,4051.89990234375,118
2026-07-01T20:30:00.000Z,4051.60009765625,4052.60009765625,4049.699951171875,4049.89990234375,120
2026-07-01T20:35:00.000Z,4049.699951171875,4050,4047.89990234375,4048.39990234375,123
2026-07-01T20:40:00.000Z,4048.300048828125,4049.10009765625,4046.800048828125,4047.5,112
2026-07-01T20:45:00.000Z,4047.5,4047.89990234375,4045.199951171875,4046.5,156
2026-07-01T20:50:00.000Z,4046.60009765625,4049.5,4045.89990234375,4045.89990234375,293
2026-07-01T20:55:00.000Z,4046.199951171875,4046.199951171875,4043.800048828125,4044.60009765625,245
2026-07-01T22:00:00.000Z,4049.199951171875,4051.89990234375,4045.10009765625,4051.89990234375,0
2026-07-01T22:05:00.000Z,4051.10009765625,4053.60009765625,4047.699951171875,4047.800048828125,200
2026-07-01T22:10:00.000Z,4048.10009765625,4050.10009765625,4047.60009765625,4049.199951171875,91
2026-07-01T22:15:00.000Z,4049.39990234375,4050.199951171875,4047.39990234375,4047.800048828125,101
2026-07-01T22:20:00.000Z,4048.199951171875,4051.800048828125,4047.800048828125,4051,210
2026-07-01T22:25:00.000Z,4050.60009765625,4051.39990234375,4049.800048828125,4050.60009765625,113
2026-07-01T22:30:00.000Z,4050.10009765625,4051,4049,4050.199951171875,248
2026-07-01T22:35:00.000Z,4050.300048828125,4052.60009765625,4049.39990234375,4052.300048828125,180
2026-07-01T22:40:00.000Z,4052.199951171875,4053,4051,4052,231
2026-07-01T22:45:00.000Z,4052.300048828125,4056,4052,4055.5,245
2026-07-01T22:50:00.000Z,4055.800048828125,4056.699951171875,4054.699951171875,4055,132
2026-07-01T22:55:00.000Z,4054.5,4057.199951171875,4054.5,4057.199951171875,95
2026-07-01T23:00:00.000Z,4056.800048828125,4057.10009765625,4054.800048828125,4055.5,99
2026-07-01T23:05:00.000Z,4055.199951171875,4055.300048828125,4053.39990234375,4053.699951171875,131
2026-07-01T23:10:00.000Z,4054,4054.800048828125,4049.5,4049.60009765625,408
2026-07-01T23:15:00.000Z,4050.10009765625,4051.699951171875,4048.300048828125,4051.199951171875,148
2026-07-01T23:20:00.000Z,4051.60009765625,4051.699951171875,4048,4048,148
2026-07-01T23:25:00.000Z,4048.39990234375,4049.60009765625,4046.10009765625,4049.60009765625,394
2026-07-01T23:30:00.000Z,4049.699951171875,4052.89990234375,4049.60009765625,4051.5,196
2026-07-01T23:35:00.000Z,4050.89990234375,4051.800048828125,4047.300048828125,4047.300048828125,117
2026-07-01T23:40:00.000Z,4047.5,4048.699951171875,4046.5,4048,83
2026-07-01T23:45:00.000Z,4048,4048.5,4045.5,4046.199951171875,114
2026-07-01T23:50:00.000Z,4046.300048828125,4049.39990234375,4045.89990234375,4048.60009765625,89
2026-07-01T23:55:00.000Z,4049,4049,4047.300048828125,4047.39990234375,21
2026-07-02T00:00:00.000Z,4047.10009765625,4048.39990234375,4042.800048828125,4045.199951171875,317
2026-07-02T00:05:00.000Z,4045.5,4052.800048828125,4045.10009765625,4051.60009765625,408
2026-07-02T00:10:00.000Z,4051.60009765625,4058.89990234375,4051.5,4057.39990234375,387
2026-07-02T00:15:00.000Z,4056,4058.199951171875,4052.10009765625,4053.199951171875,240
2026-07-02T00:20:00.000Z,4053.60009765625,4059,4053,4058.89990234375,249
2026-07-02T00:25:00.000Z,4058.60009765625,4060.699951171875,4056.300048828125,4058.39990234375,188
2026-07-02T00:30:00.000Z,4059,4059.39990234375,4054.800048828125,4057.300048828125,268
2026-07-02T00:35:00.000Z,4057.10009765625,4058.699951171875,4054.39990234375,4054.89990234375,160
2026-07-02T00:40:00.000Z,4055,4055,4050,4050.89990234375,243
2026-07-02T00:45:00.000Z,4051.39990234375,4065,4051.39990234375,4063,524
2026-07-02T00:50:00.000Z,4062.60009765625,4064.89990234375,4061.699951171875,4062.39990234375,254
2026-07-02T00:55:00.000Z,4063.199951171875,4064.10009765625,4060.800048828125,4063.5,134
2026-07-02T01:00:00.000Z,4063.5,4080.5,4062.39990234375,4077.199951171875,1448
2026-07-02T01:05:00.000Z,4076.699951171875,4078.39990234375,4072.39990234375,4076.199951171875,278
2026-07-02T01:10:00.000Z,4077,4080,4076.10009765625,4076.89990234375,250
2026-07-02T01:15:00.000Z,4077.300048828125,4077.60009765625,4071.39990234375,4072.5,297
2026-07-02T01:20:00.000Z,4072.89990234375,4073.10009765625,4063.800048828125,4064.199951171875,472
2026-07-02T01:25:00.000Z,4064.300048828125,4067.39990234375,4062.199951171875,4065.199951171875,328
2026-07-02T01:30:00.000Z,4065.60009765625,4066.800048828125,4058,4059.800048828125,329
2026-07-02T01:35:00.000Z,4060.300048828125,4065,4058.699951171875,4065,207
2026-07-02T01:40:00.000Z,4064.89990234375,4067.5,4059.800048828125,4059.800048828125,351
2026-07-02T01:45:00.000Z,4059.5,4065.699951171875,4057,4064.800048828125,246
2026-07-02T01:50:00.000Z,4064.5,4067.39990234375,4063.699951171875,4066.60009765625,175
2026-07-02T01:55:00.000Z,4066.60009765625,4068.800048828125,4061.300048828125,4062.39990234375,220
2026-07-02T02:00:00.000Z,4062.60009765625,4063.300048828125,4055.699951171875,4059.199951171875,261
2026-07-02T02:05:00.000Z,4059.60009765625,4059.60009765625,4054.5,4056.5,170
2026-07-02T02:10:00.000Z,4056.300048828125,4060.60009765625,4053.300048828125,4060.5,184
2026-07-02T02:15:00.000Z,4060.60009765625,4066.60009765625,4060.199951171875,4066,317
2026-07-02T02:20:00.000Z,4066,4067,4061,4063,164
2026-07-02T02:25:00.000Z,4063,4065,4062.5,4063.89990234375,86
2026-07-02T02:30:00.000Z,4063.699951171875,4066.10009765625,4060,4062.60009765625,250
2026-07-02T02:35:00.000Z,4062.199951171875,4066.39990234375,4061.699951171875,4063.199951171875,141
2026-07-02T02:40:00.000Z,4063.60009765625,4069.39990234375,4062.5,4068.300048828125,209
2026-07-02T02:45:00.000Z,4068.5,4070.89990234375,4066.5,4069.10009765625,201
2026-07-02T02:50:00.000Z,4069.300048828125,4071.39990234375,4068.300048828125,4070,167
2026-07-02T02:55:00.000Z,4069.60009765625,4073.199951171875,4069.10009765625,4069.199951171875,197
2026-07-02T03:00:00.000Z,4069.39990234375,4071.800048828125,4068.699951171875,4068.699951171875,159
2026-07-02T03:05:00.000Z,4069,4072,4067.800048828125,4068,158
2026-07-02T03:10:00.000Z,4068.199951171875,4071,4067.699951171875,4069.89990234375,147
2026-07-02T03:15:00.000Z,4069.89990234375,4072.39990234375,4069.89990234375,4070.699951171875,207
2026-07-02T03:20:00.000Z,4070.800048828125,4074.300048828125,4070.5,4074,342
2026-07-02T03:25:00.000Z,4073.60009765625,4079.199951171875,4073,4077.199951171875,403
2026-07-02T03:30:00.000Z,4077.300048828125,4078.89990234375,4075.39990234375,4076.10009765625,272
2026-07-02T03:35:00.000Z,4075.89990234375,4078,4073.800048828125,4076.699951171875,274
2026-07-02T03:40:00.000Z,4076.800048828125,4080,4076.800048828125,4078,250
2026-07-02T03:45:00.000Z,4078.199951171875,4081.199951171875,4075,4080.800048828125,322
2026-07-02T03:50:00.000Z,4080.800048828125,4084.89990234375,4079.89990234375,4084,301
2026-07-02T03:55:00.000Z,4084.10009765625,4086.300048828125,4082.300048828125,4082.300048828125,241
2026-07-02T04:00:00.000Z,4082.10009765625,4084.699951171875,4081.800048828125,4083.199951171875,253
2026-07-02T04:05:00.000Z,4083.39990234375,4085,4082.699951171875,4083.10009765625,76
2026-07-02T04:10:00.000Z,4082.5,4083.10009765625,4080.199951171875,4082.39990234375,123
2026-07-02T04:15:00.000Z,4082.5,4082.60009765625,4078.39990234375,4079.300048828125,100
2026-07-02T04:20:00.000Z,4079.5,4079.60009765625,4076.5,4076.5,161
2026-07-02T04:25:00.000Z,4076.699951171875,4078.60009765625,4076.199951171875,4077.89990234375,150
2026-07-02T04:30:00.000Z,4077.800048828125,4078.699951171875,4074.800048828125,4075.60009765625,99
2026-07-02T04:35:00.000Z,4075.10009765625,4076.39990234375,4074.5,4075.300048828125,74
2026-07-02T04:40:00.000Z,4075,4076.10009765625,4073.300048828125,4075.39990234375,106
2026-07-02T04:45:00.000Z,4075.199951171875,4075.199951171875,4073.60009765625,4074,41
2026-07-02T04:50:00.000Z,4074.39990234375,4077.10009765625,4074.39990234375,4075.199951171875,89
2026-07-02T04:55:00.000Z,4075,4075.800048828125,4072.699951171875,4073.199951171875,229
2026-07-02T05:00:00.000Z,4073.10009765625,4073.39990234375,4069.5,4071.199951171875,302
2026-07-02T05:05:00.000Z,4071.199951171875,4072.800048828125,4069.699951171875,4070.199951171875,91
2026-07-02T05:10:00.000Z,4070.300048828125,4071,4066.199951171875,4067.5,344
2026-07-02T05:15:00.000Z,4067.60009765625,4070.699951171875,4066.699951171875,4070.699951171875,205
2026-07-02T05:20:00.000Z,4070.60009765625,4074.60009765625,4070.199951171875,4073.5,193
2026-07-02T05:25:00.000Z,4073.300048828125,4074,4069.300048828125,4069.60009765625,296
2026-07-02T05:30:00.000Z,4069.699951171875,4074.10009765625,4065.199951171875,4067.10009765625,500
2026-07-02T05:35:00.000Z,4067.89990234375,4078.10009765625,4067.300048828125,4074.699951171875,446
2026-07-02T05:40:00.000Z,4074.60009765625,4076,4073.199951171875,4074,152
2026-07-02T05:45:00.000Z,4073.699951171875,4077,4072.199951171875,4072.800048828125,183
2026-07-02T05:50:00.000Z,4072.89990234375,4077.10009765625,4072.89990234375,4076.300048828125,154
2026-07-02T05:55:00.000Z,4076,4079.800048828125,4074.60009765625,4078.199951171875,387
2026-07-02T06:00:00.000Z,4078.300048828125,4088.10009765625,4077.89990234375,4082.60009765625,912
2026-07-02T06:05:00.000Z,4082.800048828125,4085.89990234375,4080.60009765625,4082.199951171875,374
2026-07-02T06:10:00.000Z,4082,4084.39990234375,4080.5,4080.89990234375,268
2026-07-02T06:15:00.000Z,4081,4087.300048828125,4079.699951171875,4086.89990234375,275
2026-07-02T06:20:00.000Z,4086.89990234375,4092.5,4086.699951171875,4090.699951171875,602
2026-07-02T06:25:00.000Z,4090.60009765625,4092.5,4086.60009765625,4086.60009765625,424
2026-07-02T06:30:00.000Z,4086.800048828125,4089.699951171875,4086.10009765625,4088.60009765625,187
2026-07-02T06:35:00.000Z,4088.699951171875,4088.699951171875,4084.10009765625,4085.10009765625,276
2026-07-02T06:40:00.000Z,4085,4085.300048828125,4078.5,4080.699951171875,191
2026-07-02T06:45:00.000Z,4080.60009765625,4086.39990234375,4079.300048828125,4086.199951171875,228
2026-07-02T06:50:00.000Z,4085.5,4087.60009765625,4082.199951171875,4085.39990234375,368
2026-07-02T06:55:00.000Z,4085.199951171875,4089.10009765625,4084.800048828125,4086.199951171875,263
2026-07-02T07:00:00.000Z,4086,4086.199951171875,4079.60009765625,4082,234
2026-07-02T07:05:00.000Z,4082.10009765625,4084.89990234375,4080.10009765625,4084.89990234375,178
2026-07-02T07:10:00.000Z,4084.5,4086.89990234375,4079.60009765625,4080.10009765625,322
2026-07-02T07:15:00.000Z,4079.800048828125,4080.89990234375,4077.10009765625,4077.10009765625,233
2026-07-02T07:20:00.000Z,4077.10009765625,4079.60009765625,4074,4074.300048828125,441
2026-07-02T07:25:00.000Z,4074,4077.39990234375,4073.5,4075.5,177
2026-07-02T07:30:00.000Z,4075.300048828125,4077.199951171875,4073.39990234375,4076.39990234375,238
2026-07-02T07:35:00.000Z,4076.60009765625,4083.699951171875,4075.89990234375,4083.5,267
2026-07-02T07:40:00.000Z,4083.60009765625,4088.199951171875,4083,4086.800048828125,285
2026-07-02T07:45:00.000Z,4086.800048828125,4087.10009765625,4079.800048828125,4082.300048828125,268
2026-07-02T07:50:00.000Z,4083,4083,4078.10009765625,4079.199951171875,108
2026-07-02T07:55:00.000Z,4078.800048828125,4079.699951171875,4076.10009765625,4076.60009765625,149
2026-07-02T08:00:00.000Z,4076.5,4079.199951171875,4073.60009765625,4078.60009765625,286
2026-07-02T08:05:00.000Z,4078.300048828125,4084.300048828125,4078.199951171875,4083.89990234375,312
2026-07-02T08:10:00.000Z,4083.60009765625,4086.60009765625,4080.89990234375,4081.89990234375,241
2026-07-02T08:15:00.000Z,4082.39990234375,4085.60009765625,4080.89990234375,4085.60009765625,217
2026-07-02T08:20:00.000Z,4086.5,4090.199951171875,4085.39990234375,4087.699951171875,325
2026-07-02T08:25:00.000Z,4087.699951171875,4088,4085.60009765625,4087.199951171875,161
2026-07-02T08:30:00.000Z,4087.300048828125,4087.89990234375,4084.60009765625,4086.300048828125,221
2026-07-02T08:35:00.000Z,4085.699951171875,4088.300048828125,4084.39990234375,4087.699951171875,217
2026-07-02T08:40:00.000Z,4087.699951171875,4090.39990234375,4086.60009765625,4087.60009765625,315
2026-07-02T08:45:00.000Z,4087.89990234375,4092.5,4085.699951171875,4089.199951171875,337
2026-07-02T08:50:00.000Z,4088.800048828125,4091.300048828125,4085.39990234375,4090.800048828125,360
2026-07-02T08:55:00.000Z,4091.10009765625,4092.60009765625,4088.300048828125,4089.10009765625,234
2026-07-02T09:00:00.000Z,4088.39990234375,4089.5,4086.800048828125,4088.199951171875,164
2026-07-02T09:05:00.000Z,4087.89990234375,4087.89990234375,4082,4083.39990234375,309
2026-07-02T09:10:00.000Z,4084,4085.10009765625,4082.800048828125,4085,111
2026-07-02T09:15:00.000Z,4084.699951171875,4086.300048828125,4081.89990234375,4084.199951171875,258
2026-07-02T09:20:00.000Z,4083.800048828125,4084.39990234375,4079.800048828125,4080.10009765625,212
2026-07-02T09:25:00.000Z,4080.10009765625,4080.300048828125,4078.5,4079.89990234375,295
2026-07-02T09:30:00.000Z,4080,4080.60009765625,4075.699951171875,4078.199951171875,969
2026-07-02T09:35:00.000Z,4078.10009765625,4079.800048828125,4077.300048828125,4079.800048828125,214
2026-07-02T09:40:00.000Z,4079.89990234375,4084.300048828125,4078,4081.5,228
2026-07-02T09:45:00.000Z,4081.60009765625,4084.699951171875,4080.5,4081.199951171875,200
2026-07-02T09:50:00.000Z,4081.39990234375,4082.89990234375,4078.39990234375,4078.39990234375,308
2026-07-02T09:55:00.000Z,4077.89990234375,4079.699951171875,4076.89990234375,4077.60009765625,298
2026-07-02T10:00:00.000Z,4077.89990234375,4079.10009765625,4075.300048828125,4076.60009765625,394
2026-07-02T10:05:00.000Z,4076.10009765625,4077.89990234375,4075.5,4077.10009765625,126
2026-07-02T10:10:00.000Z,4077.10009765625,4078.699951171875,4075,4075.800048828125,290
2026-07-02T10:15:00.000Z,4075.699951171875,4078.89990234375,4074.5,4077.89990234375,291
2026-07-02T10:20:00.000Z,4078.199951171875,4080.699951171875,4077,4079.60009765625,338
2026-07-02T10:25:00.000Z,4079.699951171875,4080.199951171875,4078,4078.699951171875,126
2026-07-02T10:30:00.000Z,4078.699951171875,4079.10009765625,4076.60009765625,4078.60009765625,169
2026-07-02T10:35:00.000Z,4078.199951171875,4079.300048828125,4075.800048828125,4076.300048828125,277
2026-07-02T10:40:00.000Z,4076.10009765625,4081.60009765625,4076.10009765625,4077.199951171875,395
2026-07-02T10:45:00.000Z,4077,4077.10009765625,4074.199951171875,4074.199951171875,219
2026-07-02T10:50:00.000Z,4074.300048828125,4077,4074.300048828125,4076.199951171875,158
2026-07-02T10:55:00.000Z,4076.10009765625,4080.300048828125,4074.89990234375,4078.60009765625,521
2026-07-02T11:00:00.000Z,4079.10009765625,4079.39990234375,4071.89990234375,4072.199951171875,518
2026-07-02T11:05:00.000Z,4072.10009765625,4073,4069.699951171875,4071.699951171875,477
2026-07-02T11:10:00.000Z,4072,4075.699951171875,4072,4075.699951171875,402
2026-07-02T11:15:00.000Z,4075.800048828125,4079.39990234375,4074.89990234375,4077.60009765625,721
2026-07-02T11:20:00.000Z,4077.89990234375,4077.89990234375,4075,4076.5,292
2026-07-02T11:25:00.000Z,4076.10009765625,4078.300048828125,4074.89990234375,4077.199951171875,233
2026-07-02T11:30:00.000Z,4077.800048828125,4079.199951171875,4076.39990234375,4077.199951171875,215
2026-07-02T11:35:00.000Z,4077.39990234375,4079.300048828125,4075.39990234375,4079,190
2026-07-02T11:40:00.000Z,4079,4083.800048828125,4077.39990234375,4083.300048828125,434
2026-07-02T11:45:00.000Z,4083.5,4084.5,4080.39990234375,4083.39990234375,406
2026-07-02T11:50:00.000Z,4083.5,4084.300048828125,4082.10009765625,4082.699951171875,115
2026-07-02T11:55:00.000Z,4082.60009765625,4083.300048828125,4077.5,4077.5,345
2026-07-02T12:00:00.000Z,4077.300048828125,4079,4074.800048828125,4078.800048828125,432
2026-07-02T12:05:00.000Z,4079.10009765625,4085.800048828125,4079,4081.800048828125,562
2026-07-02T12:10:00.000Z,4082.199951171875,4083.300048828125,4073.39990234375,4076.300048828125,555
2026-07-02T12:15:00.000Z,4076.60009765625,4077.10009765625,4074.10009765625,4074.300048828125,474
2026-07-02T12:20:00.000Z,4074.199951171875,4081.10009765625,4074.199951171875,4079.199951171875,555
2026-07-02T12:25:00.000Z,4079.89990234375,4082.10009765625,4074.89990234375,4078.39990234375,645
2026-07-02T12:30:00.000Z,4078.199951171875,4141.39990234375,4076.699951171875,4140,10393
2026-07-02T12:35:00.000Z,4140.5,4152.2001953125,4137.10009765625,4150.39990234375,4000
2026-07-02T12:40:00.000Z,4149.89990234375,4154.2001953125,4143.60009765625,4145.5,2199
2026-07-02T12:45:00.000Z,4145.7001953125,4147.2001953125,4133.10009765625,4138.10009765625,2243
2026-07-02T12:50:00.000Z,4137.89990234375,4143.89990234375,4132.2998046875,4133,1407
2026-07-02T12:55:00.000Z,4133.60009765625,4134.60009765625,4124.7001953125,4130.5,1860
2026-07-02T13:00:00.000Z,4130.7998046875,4143.2001953125,4128.7001953125,4140.10009765625,2574
2026-07-02T13:05:00.000Z,4140.10009765625,4140.10009765625,4128.7001953125,4131,1172
2026-07-02T13:10:00.000Z,4130.2998046875,4139.5,4130.2998046875,4137.2001953125,836
2026-07-02T13:15:00.000Z,4136.7998046875,4137.2001953125,4127.5,4131.7998046875,844
2026-07-02T13:20:00.000Z,4131.60009765625,4133.2998046875,4125.7998046875,4126.7001953125,842
2026-07-02T13:25:00.000Z,4126.7001953125,4130,4121.7001953125,4125.7998046875,915
2026-07-02T13:30:00.000Z,4125.39990234375,4142.7998046875,4122.60009765625,4141.2998046875,2011
2026-07-02T13:35:00.000Z,4140.89990234375,4151.2998046875,4139.60009765625,4148.10009765625,1693
2026-07-02T13:40:00.000Z,4148.39990234375,4151,4139.7001953125,4147.10009765625,1389
2026-07-02T13:45:00.000Z,4147.60009765625,4156.2998046875,4146.7001953125,4153.7998046875,1419
2026-07-02T13:50:00.000Z,4153.7001953125,4157.10009765625,4145.39990234375,4146.60009765625,1404
2026-07-02T13:55:00.000Z,4146.60009765625,4153.89990234375,4145.39990234375,4149.7998046875,737
2026-07-02T14:00:00.000Z,4149.60009765625,4151.60009765625,4140.7998046875,4143.2998046875,1151
2026-07-02T14:05:00.000Z,4143.60009765625,4147.60009765625,4140.7001953125,4140.7001953125,881
2026-07-02T14:10:00.000Z,4140.5,4144,4136.89990234375,4141.2998046875,1053
2026-07-02T14:15:00.000Z,4141.39990234375,4149.2998046875,4139.7001953125,4143.5,1116
2026-07-02T14:20:00.000Z,4143.5,4143.5,4133.89990234375,4136,918
2026-07-02T14:25:00.000Z,4136.2998046875,4137.10009765625,4127,4129.10009765625,806
2026-07-02T14:30:00.000Z,4129.60009765625,4138.7998046875,4127.7998046875,4132.7001953125,1253
2026-07-02T14:35:00.000Z,4132.7998046875,4134,4129.5,4131.39990234375,605
2026-07-02T14:40:00.000Z,4131.39990234375,4133.7998046875,4127.7001953125,4131.5,704
2026-07-02T14:45:00.000Z,4131.89990234375,4136,4129,4135.2998046875,616
2026-07-02T14:50:00.000Z,4135.7998046875,4139.39990234375,4134,4137.10009765625,584
2026-07-02T14:55:00.000Z,4137.5,4143,4137.10009765625,4141.89990234375,578
2026-07-02T15:00:00.000Z,4141.89990234375,4144.7001953125,4139,4140.2001953125,819
2026-07-02T15:05:00.000Z,4140.5,4140.89990234375,4127.7998046875,4133.89990234375,995
2026-07-02T15:10:00.000Z,4134.2998046875,4144,4134.2998046875,4139.89990234375,750
2026-07-02T15:15:00.000Z,4139.7001953125,4142.10009765625,4133.60009765625,4135.39990234375,776
2026-07-02T15:20:00.000Z,4135.39990234375,4144.60009765625,4135.2998046875,4142.7998046875,761
2026-07-02T15:25:00.000Z,4142.7001953125,4143.2001953125,4135.2001953125,4135.7001953125,840
2026-07-02T15:30:00.000Z,4135.7001953125,4144.10009765625,4135.60009765625,4143.2001953125,416
2026-07-02T15:35:00.000Z,4143.39990234375,4144.2998046875,4140.2998046875,4140.60009765625,447
2026-07-02T15:40:00.000Z,4141,4141.89990234375,4137.60009765625,4138.5,348
2026-07-02T15:45:00.000Z,4138.2998046875,4143.2001953125,4138.2998046875,4141.7001953125,292
2026-07-02T15:50:00.000Z,4141.39990234375,4141.5,4137.2001953125,4141.5,374
2026-07-02T15:55:00.000Z,4141.5,4142.60009765625,4138.39990234375,4141.39990234375,178
2026-07-02T16:00:00.000Z,4141.7001953125,4143.2001953125,4137.60009765625,4139.5,315
2026-07-02T16:05:00.000Z,4139.39990234375,4140.2998046875,4134.60009765625,4135.5,320
2026-07-02T16:10:00.000Z,4135.60009765625,4139,4134.89990234375,4136.39990234375,313
2026-07-02T16:15:00.000Z,4136.5,4137,4133.60009765625,4136.2001953125,311
2026-07-02T16:20:00.000Z,4136,4136.7001953125,4128.7001953125,4129.5,752
2026-07-02T16:25:00.000Z,4130,4132.2998046875,4127.7998046875,4129,345
2026-07-02T16:30:00.000Z,4128.60009765625,4128.89990234375,4114.5,4115.7998046875,1544
2026-07-02T16:35:00.000Z,4116.10009765625,4123.7998046875,4113,4123.10009765625,985
2026-07-02T16:40:00.000Z,4123.2001953125,4129.60009765625,4122.60009765625,4127.5,580
2026-07-02T16:45:00.000Z,4127.7001953125,4131.39990234375,4126.89990234375,4130.2001953125,421
2026-07-02T16:50:00.000Z,4130.60009765625,4133.89990234375,4128,4130.7001953125,414
2026-07-02T16:55:00.000Z,4130.7001953125,4132.2998046875,4128.7998046875,4131.2001953125,399
2026-07-02T17:00:00.000Z,4131.10009765625,4132.60009765625,4127.39990234375,4129.10009765625,599
2026-07-02T17:05:00.000Z,4128.7998046875,4133.2998046875,4126.5,4129.89990234375,437
2026-07-02T17:10:00.000Z,4129.89990234375,4131.60009765625,4127.89990234375,4131.39990234375,280
2026-07-02T17:15:00.000Z,4131.39990234375,4133.10009765625,4129.2001953125,4130.2001953125,446
2026-07-02T17:20:00.000Z,4129.60009765625,4130.7001953125,4124.7998046875,4127.89990234375,563
2026-07-02T17:25:00.000Z,4128.10009765625,4129.39990234375,4124.2998046875,4125.89990234375,1767
2026-07-02T17:30:00.000Z,4125.5,4127.60009765625,4123.39990234375,4125.2001953125,447
2026-07-02T17:35:00.000Z,4124.60009765625,4126.5,4121.2001953125,4122.10009765625,245
2026-07-02T17:40:00.000Z,4122,4122.5,4118.7998046875,4120.39990234375,246
2026-07-02T17:45:00.000Z,4120,4123,4119.10009765625,4122.2998046875,231
2026-07-02T17:50:00.000Z,4121.7998046875,4123.2001953125,4119.39990234375,4122.5,328
2026-07-02T17:55:00.000Z,4122.2001953125,4122.7001953125,4118.5,4119.5,110
2026-07-02T18:00:00.000Z,4119.7001953125,4127.39990234375,4118.60009765625,4127.39990234375,274
2026-07-02T18:05:00.000Z,4126.89990234375,4135.7001953125,4126.7998046875,4135.2998046875,553
2026-07-02T18:10:00.000Z,4136.2001953125,4137,4131.60009765625,4131.89990234375,352
2026-07-02T18:15:00.000Z,4132.7998046875,4133.39990234375,4128.7001953125,4130,235
2026-07-02T18:20:00.000Z,4130,4131.39990234375,4129.10009765625,4131.10009765625,137
2026-07-02T18:25:00.000Z,4131.7998046875,4136.2998046875,4131.7998046875,4136.2001953125,223
2026-07-02T18:30:00.000Z,4136.10009765625,4140.60009765625,4136,4138.2998046875,291
2026-07-02T18:35:00.000Z,4138.39990234375,4139.39990234375,4137.2001953125,4138,142
2026-07-02T18:40:00.000Z,4137.7998046875,4138.2001953125,4134.2998046875,4134.7001953125,367
2026-07-02T18:45:00.000Z,4134.39990234375,4135.2998046875,4133,4135.2998046875,191
2026-07-02T18:50:00.000Z,4135,4137.5,4134.10009765625,4134.5,220
2026-07-02T18:55:00.000Z,4134.2001953125,4135.89990234375,4133.89990234375,4135.89990234375,97
2026-07-02T19:00:00.000Z,4136.2001953125,4137.5,4130.60009765625,4130.7001953125,191
2026-07-02T19:05:00.000Z,4131.39990234375,4132.7001953125,4128.89990234375,4129.60009765625,272
2026-07-02T19:10:00.000Z,4129.7001953125,4130.10009765625,4126.2001953125,4127.7001953125,212
2026-07-02T19:15:00.000Z,4127.39990234375,4128,4124.89990234375,4125.2001953125,153
2026-07-02T19:20:00.000Z,4125,4125.39990234375,4121.60009765625,4122,148
2026-07-02T19:25:00.000Z,4121.89990234375,4126.7998046875,4121.2998046875,4125.89990234375,182
2026-07-02T19:30:00.000Z,4125.89990234375,4127.89990234375,4124.7001953125,4126.7998046875,139
2026-07-02T19:35:00.000Z,4126.60009765625,4126.7998046875,4124.39990234375,4126,147
2026-07-02T19:40:00.000Z,4125.7998046875,4127.2001953125,4125.5,4126.60009765625,113
2026-07-02T19:45:00.000Z,4126.7001953125,4128.89990234375,4125.7001953125,4128.89990234375,123
2026-07-02T19:50:00.000Z,4129,4136.89990234375,4128.7998046875,4136.89990234375,445
2026-07-02T19:55:00.000Z,4137,4137.10009765625,4132.7998046875,4134,406
2026-07-02T20:00:00.000Z,4134.2001953125,4134.5,4129.39990234375,4133.2998046875,548
2026-07-02T20:05:00.000Z,4133.39990234375,4135.7998046875,4133,4134.7998046875,191
2026-07-02T20:10:00.000Z,4134.60009765625,4134.60009765625,4132.7001953125,4133,103
2026-07-02T20:15:00.000Z,4132.89990234375,4135.2001953125,4132.2001953125,4135.2001953125,135
2026-07-02T20:20:00.000Z,4135.10009765625,4138.2998046875,4135.10009765625,4136.39990234375,349
2026-07-02T20:25:00.000Z,4136.60009765625,4137.39990234375,4136.2001953125,4136.7001953125,82
2026-07-02T20:30:00.000Z,4136.5,4138,4136.39990234375,4136.39990234375,79
2026-07-02T20:35:00.000Z,4136.5,4136.89990234375,4134.7998046875,4135.10009765625,229
2026-07-02T20:40:00.000Z,4134.2998046875,4135.7001953125,4134,4134.2001953125,75
2026-07-02T20:45:00.000Z,4133.7998046875,4134.10009765625,4132.5,4132.89990234375,116
2026-07-02T20:50:00.000Z,4132.60009765625,4134.89990234375,4131.7998046875,4134.5,134
2026-07-02T20:55:00.000Z,4134.5,4137.10009765625,4134.5,4135.5,192
2026-07-02T22:00:00.000Z,4138,4139.5,4137.2001953125,4138.39990234375,0
2026-07-02T22:05:00.000Z,4138,4140.60009765625,4137.2001953125,4140.39990234375,68
2026-07-02T22:10:00.000Z,4140.39990234375,4141.10009765625,4137.2998046875,4137.7998046875,57
2026-07-02T22:15:00.000Z,4137.39990234375,4138,4136.2001953125,4137.60009765625,49
2026-07-02T22:20:00.000Z,4137.2001953125,4138,4135.7001953125,4136.2001953125,77
2026-07-02T22:25:00.000Z,4136.2001953125,4137,4135.10009765625,4137,150
2026-07-02T22:30:00.000Z,4136.7998046875,4138.10009765625,4136.10009765625,4138.10009765625,53
2026-07-02T22:35:00.000Z,4138.7001953125,4138.7998046875,4137.2001953125,4137.2998046875,25
2026-07-02T22:40:00.000Z,4137.2998046875,4137.2998046875,4135.10009765625,4135.89990234375,35
2026-07-02T22:45:00.000Z,4136,4137,4135.5,4136.5,27
2026-07-02T22:50:00.000Z,4136.2998046875,4136.39990234375,4135.39990234375,4136.10009765625,31
2026-07-02T22:55:00.000Z,4136.2001953125,4138.89990234375,4136.2001953125,4137.10009765625,124
2026-07-02T23:00:00.000Z,4137.2001953125,4139.2001953125,4137.2001953125,4137.7001953125,37
2026-07-02T23:05:00.000Z,4137.89990234375,4139.7998046875,4136.89990234375,4139.2998046875,101
2026-07-02T23:10:00.000Z,4139.5,4139.7001953125,4137.7998046875,4138.2001953125,37
2026-07-02T23:15:00.000Z,4137.60009765625,4140.39990234375,4137,4137.7998046875,153
2026-07-02T23:20:00.000Z,4138,4140,4137.2998046875,4139.7001953125,79
2026-07-02T23:25:00.000Z,4139.7998046875,4142.7001953125,4139.7998046875,4142.2998046875,134
2026-07-02T23:30:00.000Z,4142.10009765625,4149.10009765625,4138.7998046875,4138.7998046875,425
2026-07-02T23:35:00.000Z,4139.7998046875,4140.2998046875,4134.2001953125,4135.7001953125,225
2026-07-02T23:40:00.000Z,4135.60009765625,4139.5,4133.7998046875,4137.60009765625,339
2026-07-02T23:45:00.000Z,4137.89990234375,4143.2001953125,4137.60009765625,4143,118
2026-07-02T23:50:00.000Z,4143.2998046875,4143.7998046875,4137,4141.39990234375,266
2026-07-02T23:55:00.000Z,4141.10009765625,4144.60009765625,4138,4139.2001953125,423
2026-07-03T00:00:00.000Z,4139,4145.5,4135.89990234375,4144.60009765625,382
2026-07-03T00:05:00.000Z,4145.39990234375,4145.39990234375,4137.89990234375,4141.60009765625,291
2026-07-03T00:10:00.000Z,4141.7998046875,4150.60009765625,4139.7998046875,4147.5,281
2026-07-03T00:15:00.000Z,4147.5,4149.2998046875,4144.7998046875,4148.60009765625,240
2026-07-03T00:20:00.000Z,4148.7001953125,4153.89990234375,4148.39990234375,4151.5,473
2026-07-03T00:25:00.000Z,4151.39990234375,4154,4149.7001953125,4150.39990234375,136
2026-07-03T00:30:00.000Z,4150.2998046875,4151.2998046875,4145.89990234375,4147.5,159
2026-07-03T00:35:00.000Z,4147.5,4152.5,4147,4150.2998046875,123
2026-07-03T00:40:00.000Z,4150.2998046875,4151.7998046875,4146.7998046875,4149.5,115
2026-07-03T00:45:00.000Z,4148.5,4154,4147.5,4153.89990234375,149
2026-07-03T00:50:00.000Z,4154,4161.10009765625,4152.89990234375,4159.7998046875,507
2026-07-03T00:55:00.000Z,4159.89990234375,4164,4159.7001953125,4160,454
2026-07-03T01:00:00.000Z,4159.7998046875,4174.5,4159.5,4174.5,960
2026-07-03T01:05:00.000Z,4173.89990234375,4188.89990234375,4171.89990234375,4185.2001953125,1085
2026-07-03T01:10:00.000Z,4185.10009765625,4192,4179.89990234375,4188.7001953125,1044
2026-07-03T01:15:00.000Z,4188.7001953125,4194,4186.10009765625,4190.60009765625,820
2026-07-03T01:20:00.000Z,4191.5,4206.7001953125,4191.2001953125,4204.2001953125,1171
2026-07-03T01:25:00.000Z,4204.2001953125,4205.39990234375,4198.39990234375,4199.7998046875,920
2026-07-03T01:30:00.000Z,4199.7001953125,4206,4194.7998046875,4205.2001953125,1143
2026-07-03T01:35:00.000Z,4205.2001953125,4208.2998046875,4196.89990234375,4196.89990234375,689
2026-07-03T01:40:00.000Z,4197.5,4197.5,4191.2001953125,4192.2001953125,497
2026-07-03T01:45:00.000Z,4192.2001953125,4195.39990234375,4188.7001953125,4193.39990234375,294
2026-07-03T01:50:00.000Z,4193.39990234375,4194,4187.7998046875,4192.2998046875,382
2026-07-03T01:55:00.000Z,4192,4196.60009765625,4191.5,4194.89990234375,413
2026-07-03T02:00:00.000Z,4194.5,4196.7998046875,4189.60009765625,4192.10009765625,229
2026-07-03T02:05:00.000Z,4191.7001953125,4194.5,4191,4192.10009765625,100
2026-07-03T02:10:00.000Z,4192.7998046875,4194.39990234375,4191.5,4192.60009765625,136
2026-07-03T02:15:00.000Z,4192.2001953125,4194.2998046875,4189.2998046875,4189.39990234375,130
2026-07-03T02:20:00.000Z,4190,4193.7001953125,4190,4191.39990234375,116
2026-07-03T02:25:00.000Z,4191,4192.5,4189.60009765625,4191.89990234375,183
2026-07-03T02:30:00.000Z,4192,4196,4190.89990234375,4193.39990234375,318
2026-07-03T02:35:00.000Z,4193.60009765625,4199.7998046875,4192.5,4199,406
2026-07-03T02:40:00.000Z,4199.2998046875,4199.89990234375,4194.60009765625,4196.5,316
2026-07-03T02:45:00.000Z,4196.7998046875,4197.10009765625,4192,4193.2001953125,235
2026-07-03T02:50:00.000Z,4193.39990234375,4199,4192,4196.7001953125,411
2026-07-03T02:55:00.000Z,4196.7998046875,4199.7001953125,4195.2001953125,4196.7998046875,241
2026-07-03T03:00:00.000Z,4196.7998046875,4197.5,4192.7998046875,4195.10009765625,276
2026-07-03T03:05:00.000Z,4194.7001953125,4196.10009765625,4193.5,4194.39990234375,130
2026-07-03T03:10:00.000Z,4195.2998046875,4196.89990234375,4194.89990234375,4195.7001953125,136
2026-07-03T03:15:00.000Z,4196.2001953125,4196.60009765625,4194.5,4195,99
2026-07-03T03:20:00.000Z,4194.5,4196.2998046875,4192.39990234375,4193.2998046875,173
2026-07-03T03:25:00.000Z,4193,4195.7998046875,4192.89990234375,4194.5,86
2026-07-03T03:30:00.000Z,4194.89990234375,4196,4192.5,4194.7998046875,197
2026-07-03T03:35:00.000Z,4195,4195.60009765625,4192.2001953125,4193.39990234375,219
2026-07-03T03:40:00.000Z,4193.2998046875,4195.2001953125,4190.2001953125,4190.60009765625,301
2026-07-03T03:45:00.000Z,4190.5,4192.39990234375,4189.2998046875,4189.5,176
2026-07-03T03:50:00.000Z,4189.5,4190.89990234375,4189.10009765625,4189.5,99
2026-07-03T03:55:00.000Z,4189.60009765625,4189.7998046875,4188.39990234375,4188.5,172